No of iterations,Similarity
1000,0.018977808875662534
2000,0.020081585417902725
5000,0.021512452766715304
10000,0.022727742775818998
20000,0.024050535017747662
